day_of_week,minutes_late,minutes,seconds
Wednesday,3.785,3,47
Friday,3.891089108910891,3,53
Thursday,3.9285714285714284,3,55
Tuesday,4.525252525252525,4,31
Monday,16.483627204030228,16,29
